estStatusDesc,postal,rowNo,addr,estName,infrAction,lon,enfrOutcome,unit,infrTypeDesc,enfrAmountFined,inspStatusDesc,enfrOutcomeDate,lat,inspDate,servTypeDesc
Pass,M6E,4650,1374 ST CLAIR AVE W,LAURA'S HAIR DESIGN,,-79.450134529,,,,,Pass,,43.6766206818,2018-09-20T00:00:00,Barbering & Hairdressing
Pass,M4N,5599,3248 YONGE ST,TOPCUTS,,-79.4037239815,,,,,Pass,,43.7297059004,2017-08-28T00:00:00,Barbering & Hairdressing
Pass,M1H,1371,3495 LAWRENCE AVE E,REGAL NAILS,Notice to Comply,-79.2291360962,,UNIT-740,Sterilized packaged items are handled dry and maintained sterile until use,,Conditional,,43.7587473241,2017-09-14T00:00:00,Ear Piercing
Pass,M4G,2592,45 WICKSTEED AVE,STRAIGHTCURLZZ,,-79.3628696992,,UNIT-280-23,,,Pass,,43.7103019993,2018-05-08T00:00:00,Barbering & Hairdressing
Pass,M2J,1314,1800 SHEPPARD AVE E,THE BARBER'S CHAIR,Notice to Comply,-79.34449821529999,,UNIT-1043,Sharps discarded immediately in an approved sharps container and disposed of properly,,Conditional,,43.7777482543,2018-02-21T00:00:00,Barbering & Hairdressing
Pass,M2N,12872,5533 YONGE ST,BALANCE,,-79.4148888165,,2ND FLOOR,,,Pass,,43.7785659566,2017-11-06T00:00:00,Barbering & Hairdressing
Pass,M5V,6526,410 LAKE SHORE BLVD W,HAND & STONE MASSAGE AND FACIAL SPA,,-79.39729,,UNIT-1,,,Pass,,43.637367,2019-04-25T00:00:00,Aesthetics
Pass,M3H,11714,181 COCKSFIELD AVE,ROGER'S BARBER SHOP,,-79.45159189649999,,7,,,Pass,,43.7539641224,2018-09-27T00:00:00,Barbering & Hairdressing
Pass,M1N,11474,2424 KINGSTON RD,TIGER-K TATTOO,,-79.2499856844,,,,,Pass,,43.7090287149,2018-05-03T00:00:00,Tattooing
Pass,M5M,5609,1966 AVENUE RD,ANNA K. HAIR DESIGN,,-79.4200778174,,,,,Pass,,43.7344102028,2017-09-15T00:00:00,Barbering & Hairdressing
Pass,M6N,9692,1986 DAVENPORT RD,CIDALIA'S HAIR STUDIO,,-79.457619393,,,,,Pass,,43.6703328055,2017-09-12T00:00:00,Aesthetics
Pass,M1V,9605,4675 STEELES AVE E,SALON PLUS HAIR & NAIL COLLECTION,,-79.3025283879,,"UNIT-1D20, 22, 2",,,Pass,,43.8241553781,2018-02-28T00:00:00,Nails
Pass,M1R,1370,126 ELLESMERE RD,TRENDY HAIR SALON,Notice to Comply,-79.309743994,,,Appropriate contact time used on approved disinfectants,,Conditional,,43.7595364316,2018-06-01T00:00:00,Aesthetics
Pass,M4L,10202,1973 QUEEN ST E,MARCELA FRANCO BARBER SHOP AND HAIRSTYLING,,-79.30094692109999,,,,,Pass,,43.669704986999996,2018-11-23T00:00:00,Barbering & Hairdressing
Pass,M9V,11127,984B ALBION RD,HAIR KING,,-79.5624708054,,,,,Pass,,43.7365367406,2017-10-02T00:00:00,Barbering & Hairdressing
Pass,M6C,2960,1048 EGLINTON AVE W,NAILS AND ME,,-79.430458958,,,,,Pass,,43.7002294647,2018-11-06T00:00:00,Nails
Pass,M3H,8362,1881 STEELES AVE W,VENETIAN DAY SPA,,-79.46964009999998,,UNIT-4,,,Pass,,43.7871774,2018-02-16T00:00:00,Aesthetics
Pass,M9V,12779,1753 ALBION RD,ALL-N-1 HOUSE OF BEAUTY,,-79.606241943,,UNIT-11,,,Pass,,43.742984116,2017-08-02T00:00:00,Barbering & Hairdressing
Pass,M4K,2024,1022 PAPE AVE,VINA NAIL HAIR SALON,Notice to Comply,-79.34906078,,,Work surfaces cleaned then disinfected with a LLD daily,,Conditional,,43.6890944333,2019-01-23T00:00:00,Nails
Pass,M4T,12567,1177 YONGE ST,MANIPEDI SPA,,-79.3915230151,,,,,Pass,,43.6826193892,2018-09-20T00:00:00,Nails
Pass,M6G,2638,541 COLLEGE ST,AVALON HAIR DESIGN,,-79.4116394058,,,,,Pass,,43.655469986199996,2017-11-24T00:00:00,Barbering & Hairdressing
Pass,M6C,2762,1106 EGLINTON AVE W,FEATURING YOU SPA & SALON,,-79.4319090042,,,,,Pass,,43.6998665316,2017-05-02T00:00:00,Barbering & Hairdressing
Pass,M6J,5002,721 QUEEN ST W,ARMOURED SOUL TATTOOS - PIERCING & ART GALLERY,,-79.4061717328,,UNIT-B,,,Pass,,43.6465513312,2018-11-09T00:00:00,Tattooing
Pass,M4L,9305,2012 QUEEN ST E,THE TEN SPOT,,-79.29932036310001,,,,,Pass,,43.67040516229999,2019-03-26T00:00:00,Nails
Pass,M6H,2651,1124 COLLEGE ST,SAM & NICK BARBER SHOP,,-79.4332946445,,,,,Pass,,43.6526092697,2017-07-11T00:00:00,Barbering & Hairdressing
Pass,M1N,2291,2480 GERRARD ST E,FAMOUS NAIL,Notice to Comply,-79.28452537689999,,UNIT-6,Semi-critical items cleaned then disinfected with an ILD or HLD between clients,,Conditional,,43.687471425,2019-03-01T00:00:00,Nails
Pass,M4K,3119,745 BROADVIEW AVE,BROADVIEW NAILS & SPA,,-79.3582593463,,,,,Pass,,43.6758484394,2017-05-24T00:00:00,Nails
Pass,M6K,9160,1392 QUEEN ST W,LINDA CAMEO HAIR DESIGN,,-79.43391395100001,,,,,Pass,,43.641380921899994,2018-09-13T00:00:00,Nails
Pass,M5C,8286,50 KING ST E,FINE LASH INC,,-79.37628000000002,,2ND FLOOR,,,Pass,,43.64963,2019-02-22T00:00:00,Micropigmentation
Pass,M4X,10283,466 SHERBOURNE ST,LE MAY BEAUTY & SALON,,-79.3747018833,,,,,Pass,,43.66652505890001,2018-12-07T00:00:00,Nails
Pass,M6A,11373,3563 BATHURST ST,SITA AESTHETIC SERVICE,,-79.4322298346,,,,,Pass,,43.731180362299995,2018-01-23T00:00:00,Aesthetics
Pass,M5V,4836,425 QUEEN ST W,BLUR MAKEUP ROOM,,-79.3954071294,,115,,,Pass,,43.6487716296,2019-03-07T00:00:00,Barbering & Hairdressing
Pass,M5V,10453,522 QUEEN ST W,FOREVER YOUNG INK TATTOOS,,-79.4019273896,,,,,Pass,,43.6477989382,2018-11-09T00:00:00,Tattooing
Pass,M6L,6954,1371 LAWRENCE AVE W,SAM'S HAIR STUDIO,,-79.4737631887,,,,,Pass,,43.7096498371,2017-05-26T00:00:00,Barbering & Hairdressing
Pass,M4H,2161,45 OVERLEA BLVD,NAILS FOR YOU,Ticket,-79.3462588972,"Fine Only, No Court",UNIT-147,Semi-critical items cleaned then disinfected with an ILD or HLD between clients,305.0,Conditional,2018-07-24,43.7055467108,2018-07-10T00:00:00,Aesthetics
Pass,M4P,6435,2463 YONGE ST,BEAUTY BABE LOUNGE,,-79.3990812467,,FLR-2,,,Pass,,43.7114843965,2019-05-03T00:00:00,Aesthetics
Pass,M2K,7689,27 REAN DR,SUSAN NAIL & SPA,,-79.3825491022,,UNIT-5,,,Pass,,43.76758683520001,2018-10-29T00:00:00,Nails
Pass,M6H,10448,1069 COLLEGE ST,SEKAI NAIL & BEAUTY BAR,,-79.4313211381,,,,,Pass,,43.652623445699994,2019-04-26T00:00:00,Aesthetics
Pass,M5M,8635,1969 AVENUE RD,ZEN NAILS & SPA,,-79.41955553439999,,,,,Pass,,43.734738777299995,2017-09-13T00:00:00,Aesthetics
Pass,M5R,771,122 CUMBERLAND ST,AMANI HAIR COSMETIC LTD.,Notice to Comply,-79.3919815245,,FLR-2,Tip of needle holder in electrolysis cleaned then disinfected with a HLD between clients,,Conditional,,43.6702958829,2017-12-20T00:00:00,Electrolysis
Pass,M1K,2153,2480 EGLINTON AVE E,LIBERTY SALON,Notice to Comply,-79.2596153281,,UNIT-2,Sharps discarded immediately in an approved sharps container and disposed of properly,,Conditional,,43.73494926,2018-06-21T00:00:00,Barbering & Hairdressing
Pass,M5C,4846,176 YONGE ST,THE TEN SPOT,,-79.37933000000002,,,,,Pass,,43.65233,2018-10-22T00:00:00,Aesthetics
Pass,M4M,6588,934 QUEEN ST E,FUZZ WAX BAR,,-79.3415112646,,,,,Pass,,43.6609128495,2018-02-22T00:00:00,Aesthetics
Pass,M2N,10154,5460 YONGE ST,CHERRY BEAUTY SPA,,-79.41552806989999,,109,,,Pass,,43.7772138133,2019-03-06T00:00:00,Aesthetics
Pass,M4P,6117,2313A YONGE ST,PLANET NAILS,,-79.3983179534,,,,,Pass,,43.7078766429,2018-10-01T00:00:00,Ear Piercing
Pass,M6M,12012,605 ROGERS RD,ELEGANT SPA & STUDIO,,-79.47451334739999,,UNIT-4,,,Pass,,43.681618829499996,2018-05-23T00:00:00,Barbering & Hairdressing
Pass,M1R,10595,2066 LAWRENCE AVE E,AMA SKIN & SPA,,-79.294057705,,BSMT,,,Pass,,43.745995993,2019-03-08T00:00:00,Micropigmentation
Pass,M1R,628,2090 LAWRENCE AVE E,HELEN'S HOUSE OF HAIRSTYLING,Notice to Comply,-79.2925659456,,,Sharps discarded immediately in an approved sharps container and disposed of properly,,Conditional,,43.7460759448,2017-11-13T00:00:00,Aesthetics
Pass,M6E,12389,1319 ST CLAIR AVE W,LABOUTIQUE SKIN & BODY LOUNGE,,-79.4488440306,,,,,Pass,,43.6764194198,2017-06-08T00:00:00,Electrolysis
Pass,M2M,5059,6349 YONGE ST,THE ART OF BEAUTY,,-79.4193184686,,UNIT-102,,,Pass,,43.796227225100004,2017-12-04T00:00:00,Micropigmentation
Pass,M4T,3018,1398 YONGE ST,TRADE SECRETS,,-79.3937240572,,,,,Pass,,43.6865891154,2018-12-14T00:00:00,Barbering & Hairdressing
Pass,M3J,4159,2181 STEELES AVE W,ENRG HAIR & SKIN STUDIO,,-79.47631774989999,,UNIT-B14,,,Pass,,43.784758259200004,2019-03-08T00:00:00,Electrolysis
Pass,M2N,9162,28 FINCH AVE W,SHEILA EYEBROW QUEEN AND HAIR SALON,,-79.41780690520001,,UNIT-115,,,Pass,,43.779560903500006,2017-09-27T00:00:00,Barbering & Hairdressing
Pass,M6S,5085,2250 BLOOR ST W,AFSI'S AESTHETICS,,-79.4773540189,,BSMT,,,Pass,,43.651118240500004,2017-03-27T00:00:00,Nails
Pass,M3J,1656,1027 FINCH AVE W,DAZZLE NAIL SPA,Notice to Comply,-79.46982792,,UNIT-7,Single-use items used on one client only,,Conditional,,43.767340274300004,2018-09-07T00:00:00,Aesthetics
Pass,M9C,10635,460 RENFORTH DR,RENFORTH MALL BARBER SHOP,,-79.5801347557,,UNIT-6,,,Pass,,43.65045635479999,2017-05-12T00:00:00,Barbering & Hairdressing
Pass,M5V,12782,645 KING ST W,BEAUTY LINE NAIL SPA,,-79.40199086199999,,UNIT-100,,,Pass,,43.643820643199994,2017-08-09T00:00:00,Aesthetics
Pass,M4T,5236,1438B YONGE ST,NAMRITA'S SKINCARE AND ELECTROLYSIS,,-79.3940666126,,FLR-2ND,,,Pass,,43.6872664308,2017-08-22T00:00:00,Aesthetics
Pass,M1G,1114,3770 LAWRENCE AVE E,PINK NAILS & SPA,Notice to Comply,-79.2142365413,,,Single-use items used on one client only,,Conditional,,43.76249604109999,2017-11-30T00:00:00,Nails
Pass,M8V,10924,2083 LAKE SHORE BLVD W,KANGEN SPA,,-79.4768670603,,UNIT-ROO2,,,Pass,,43.6299690674,2017-07-18T00:00:00,Aesthetics
Pass,M6L,5281,326 RUSTIC RD,TEE'S HAIR STUDIO,,-79.4900840924,,,,,Pass,,43.7156054184,2017-08-01T00:00:00,Nails
Pass,M3C,2231,900 DON MILLS RD,LOTUS NAILS & SPA,Notice to Comply,-79.34211175189999,,,Single-use items used on one client only,,Conditional,,43.7269050509,2019-02-21T00:00:00,Nails
Pass,M2N,4812,80 FINCH AVE W,SPA MUZE,,-79.4225725665,,100A,,,Pass,,43.7785067353,2018-04-20T00:00:00,Aesthetics
Pass,M1T,12405,2035 KENNEDY RD,SAACHI SPA SALON & WELLNESS CENTRE,,-79.2826591011,,,,,Pass,,43.7770788394,2018-04-06T00:00:00,Nails
Pass,M5V,3073,577 QUEEN ST W,THE CABINET SALON,,-79.4012073816,,FLR-2,,,Pass,,43.64760452,2018-11-07T00:00:00,Barbering & Hairdressing
Pass,,4879,9 OLD MILL RD,THE SPA AT THE OLD MILL,,-79.4928445533,,,,,Pass,,43.650745846499994,2018-11-08T00:00:00,Aesthetics
Pass,M4G,2615,852 MILLWOOD RD,BIG TEASE,,-79.36649799999998,,A,,,Pass,,43.704441,2017-11-28T00:00:00,Nails
Pass,M1V,2336,4675 STEELES AVE E,LOVELY BEAUTY NAILS,Notice to Comply,-79.3025283879,,UNIT-1A20-1A21,Semi-critical items cleaned then disinfected with an ILD or HLD between clients,,Conditional,,43.8241553781,2019-03-25T00:00:00,Nails
Pass,M5A,4214,345 SHERBOURNE ST,THE REKAI CENTRE,,-79.3724264996,,,,,Pass,,43.66270717689999,2017-12-11T00:00:00,Barbering & Hairdressing
Pass,M5V,9756,232 QUEEN ST W,NEW TRIBE TATTOOING AND  PIERCING,,-79.39016,,FLR-2,,,Pass,,43.650173,2019-03-07T00:00:00,Body Piercing
Pass,M1T,12522,3605 SHEPPARD AVE E,KING THAI MASSAGE HEALTH CARE CENTRE,,-79.2985014729,,,,,Pass,,43.7804574853,2018-05-15T00:00:00,Aesthetics
Pass,M1S,5259,4438 SHEPPARD AVE E,PERFECT CHARMING BEAUTY & SLIMFIT,,-79.2677466293,,UNIT-222,,,Pass,,43.788036467,2017-11-21T00:00:00,Aesthetics
Pass,M9C,392,148 NORTH QUEEN ST,NICE ONE NAILS,Notice to Comply,-79.553843,,UNIT-G2,Footbaths with single-use liners cleaned then disinfected with LLD between clients,,Conditional,,43.6195011,2017-09-18T00:00:00,Nails
Pass,M5R,735,132 CUMBERLAND ST,RAFFAELO SALON,Notice to Comply,-79.3923883032,,,Semi-critical items maintained in a sanitary manner before use,,Conditional,,43.6702485282,2017-12-09T00:00:00,Aesthetics
Pass,M4N,9651,3338 YONGE ST,PHIBI'S,,-79.4041780914,,FLR-2,,,Pass,,43.731559591999996,2017-11-10T00:00:00,Aesthetics
Pass,M3M,6387,2223A JANE ST,GARDNER COIFFURES,,-79.5091031538,,,,,Pass,,43.7242344278,2019-03-27T00:00:00,Barbering & Hairdressing
Pass,M6E,8673,2434 DUFFERIN ST,PARIS NAILS,,-79.45155028939999,,,,,Pass,,43.698068974799995,2018-02-22T00:00:00,Nails
Pass,M1S,8096,1691 MCCOWAN RD,EVERYTHING BEAUTIFUL,,-79.2572156752,,UNIT-102,,,Pass,,43.7879431534,2018-07-05T00:00:00,Nails
Pass,M4K,4623,742 BROADVIEW AVE,JOHN'S HAIRSTYLING & BARBER SALON,,-79.3585617667,,,,,Pass,,43.6755859803,2018-02-20T00:00:00,Barbering & Hairdressing
Pass,M9W,7487,500 REXDALE BLVD,RAY DANIEL SALON & SPA,,-79.600063976,,UNIT-A018,,,Pass,,43.7203852206,2018-01-19T00:00:00,Barbering & Hairdressing
Pass,M6J,12243,777 RICHMOND ST W,FLIRT CUSTOM LASH STUDIO,,-79.409833956,,UNIT-2023,,,Pass,,43.644804876,2017-04-05T00:00:00,Aesthetics
Pass,M1T,1564,2999 SHEPPARD AVE E,MILANO HAIR PLACE,Notice to Comply,-79.3182,,,Semi-critical items cleaned then disinfected with an ILD or HLD between clients,,Conditional,,43.77633,2018-08-16T00:00:00,Barbering & Hairdressing
Pass,M4T,10718,1219 YONGE ST,HAIR JAZZ SALON & SPA,,-79.39184586270001,,,,,Pass,,43.6832490882,2017-12-13T00:00:00,Aesthetics
Pass,M4E,1865,2305 QUEEN ST E,TAMMY NAIL & SPA,Notice to Comply,-79.2919932492,,UNIT-9,Non-critical items maintained in a sanitary manner before use,,Conditional,,43.671636416000005,2018-11-08T00:00:00,Aesthetics
Pass,M6C,2734,768B ST CLAIR AVE W,ROBERT ASHLEY HAIR DESIGN LTD,,-79.4287125627,,,,,Pass,,43.6813538155,2017-11-29T00:00:00,Barbering & Hairdressing
Pass,M2N,2933,23 ELMWOOD AVE,FAYE BEAUTY CENTRE,,-79.410095216,,,,,Pass,,43.766909423,2017-12-20T00:00:00,Aesthetics
Pass,M5G,5000,150 DUNDAS ST W,TERMINAL BARBER #2,,-79.3855345159,,UNIT-105,,,Pass,,43.6555500555,2019-02-19T00:00:00,Barbering & Hairdressing
Pass,M8Z,11739,844 THE QUEENSWAY,FLAMINGO NAILS & SPA,,-79.509346,,,,,Pass,,43.625027,2018-10-30T00:00:00,Aesthetics
Pass,M1V,31,4675 STEELES AVE E,XIAN NI BEAUTY CENTRE,Notice to Comply,-79.3025283879,,UNIT-2C13,Records maintained for items purchased as pre-packaged & sterile,,Conditional,,43.8241553781,2017-03-30T00:00:00,Aesthetics
Pass,M9B,5565,35 VICKSON CRT,EUROPEAN TOUCH,,-79.5534652714,,,,,Pass,,43.6366889313,2018-01-23T00:00:00,Aesthetics
Pass,M4W,5360,345 BLOOR ST E,VIP 1 NAIL SALON,,-79.3779792403,,UNIT-6B,,,Pass,,43.671542861300004,2017-05-23T00:00:00,Aesthetics
Pass,M6M,2759,82 BUTTONWOOD AVE,WEST PARK SALON (2),,-79.508968242,,FLR-MAIN LOBBY,,,Pass,,43.6892968077,2017-05-15T00:00:00,Nails
Pass,M6E,1768,1968 EGLINTON AVE W,NEW INTERNATIONAL BRAIDERS,Notice to Comply,-79.454305564,,,Semi-critical items cleaned then disinfected with an ILD or HLD between clients,,Conditional,,43.6950247688,2018-09-26T00:00:00,Barbering & Hairdressing
Pass,M9M,8107,2463 FINCH AVE W,FOUR SEASON'S UNISEX HAIR STYLING,,-79.5525541413,,,,,Pass,,43.7496430194,2018-12-20T00:00:00,Barbering & Hairdressing
Pass,M4C,958,3003 DANFORTH AVE,GENESIS SPA & SALON,Notice to Comply,-79.2886990101,,UNIT-25,Semi-critical items cleaned then disinfected with an ILD or HLD between clients,,Conditional,,43.690642221400005,2018-02-20T00:00:00,Nails
Pass,M1P,2389,2159 LAWRENCE AVE E,R AND D BEAUTY HAIR SALON,,-79.28408320369998,,,,,Pass,,43.7472400975,2018-05-30T00:00:00,Barbering & Hairdressing
Pass,M4P,6648,220 EGLINTON AVE E,HEART 2 HEART HAIR SALON AND SPA,,-79.391625027,,UNIT-1,,,Pass,,43.7083967721,2018-06-04T00:00:00,Barbering & Hairdressing
Pass,M6E,7375,1862 EGLINTON AVE W,MARILYN'S BEAUTY SUPPLIES,,-79.45152659680001,,,,,Pass,,43.6956847956,2018-02-02T00:00:00,Barbering & Hairdressing
Pass,M6M,8072,1205 WESTON RD,FREEDOM INK,,-79.4916706485,,,,,Pass,,43.6880450656,2018-03-30T00:00:00,Body Piercing
Pass,M5T,7842,469 DUNDAS ST W,HAIR CULTURE,,-79.3967511932,,FLR-2,,,Pass,,43.6530217051,2018-12-11T00:00:00,Barbering & Hairdressing
Pass,M1K,4059,2629 EGLINTON AVE E,KIARA UNISEX BEAUTY CENTRE,,-79.2517907532,,,,,Pass,,43.7354044977,2019-02-07T00:00:00,Barbering & Hairdressing
Pass,M5J,9780,200 BAY ST,TAYLOR & COLT,,-79.38032,,UNIT-130,,,Pass,,43.64709000000001,2019-02-06T00:00:00,Barbering & Hairdressing
Pass,M5R,39,1240 BAY ST,TAO CLINIC,Notice to Comply,-79.3901371085,,UNIT-404,Tip of needle holder in electrolysis cleaned then disinfected with a HLD between clients,,Conditional,,43.670343887899996,2017-03-31T00:00:00,Electrolysis
Pass,M6B,3205,2993 BATHURST ST,DEVILLE SALON,,-79.42893654699999,,,,,Pass,,43.717279992899996,2017-12-06T00:00:00,Barbering & Hairdressing
Pass,M4N,12612,2712 YONGE ST,NAILSENSE,,-79.40092847220001,,,,,Pass,,43.7175362367,2019-05-06T00:00:00,Aesthetics
Pass,M4N,1253,3285 YONGE ST,STARKS BARBER COMPANY,Notice to Comply,-79.4031229511,,,Semi-critical items maintained in a sanitary manner before use,,Conditional,,43.72994809229999,2018-05-04T00:00:00,Aesthetics
Pass,M6B,1233,3014 BATHURST ST,STUDIO 1 SALON,Notice to Comply,-79.4297159651,,UNIT-B,Non-critical items cleaned then disinfected with a LLD between clients,,Conditional,,43.7177423038,2018-05-04T00:00:00,Barbering & Hairdressing
Pass,M5R,4270,101 YORKVILLE AVE,LUCKY'S NAILS,,-79.3923165804,,UNIT-23,,,Pass,,43.6705473325,2018-02-28T00:00:00,Nails
Pass,M2N,12649,4750 YONGE ST,INK LIVING COLOR LTD,,-79.4110316431,,UNIT-117,,,Pass,,43.7604823583,2018-03-29T00:00:00,Tattooing
Pass,M4N,12681,3198 YONGE ST,ROSES MEDI SPA,,-79.4032840412,,,,,Pass,,43.72809843060001,2018-08-24T00:00:00,Aesthetics
Pass,M4T,9344,1204 YONGE ST,JOSEPH'S HAIRSTYLING,,-79.3917188065,,,,,Pass,,43.6816322609,2018-12-13T00:00:00,Barbering & Hairdressing
Pass,M1P,4356,880 ELLESMERE RD,NEW ROYAL SALON INC,,-79.2821575987,,UNIT-6A,,,Pass,,43.7662251159,2019-04-24T00:00:00,Barbering & Hairdressing
Pass,M4G,1070,848 EGLINTON AVE E,UNIQUE NAILS,Notice to Comply,-79.3656397766,,,Work surfaces cleaned then disinfected with a LLD daily,,Conditional,,43.7136215949,2018-02-28T00:00:00,Aesthetics
Pass,M4T,8881,2 ST CLAIR AVE E,GLAMOUR SECRETS GS BEAUTY BAR,,-79.3938485432,,,,,Pass,,43.688365028199996,2019-02-11T00:00:00,Aesthetics
Pass,M2M,10942,6464 YONGE ST,LUCKY STAR NAILS,,-79.4200774064,,UNIT-170,,,Pass,,43.7955537282,2019-02-19T00:00:00,Aesthetics
Pass,M4S,7171,2009A YONGE ST,WATER LILY BEAUTY SALON,,-79.39676952229999,,,,,Pass,,43.701020810600006,2018-05-11T00:00:00,Aesthetics
Pass,M6K,6738,64 SPENCER AVE,LUU & QUACH'S HAIR DESIGN,,-79.430253319,,,,,Pass,,43.6358320221,2017-09-26T00:00:00,Barbering & Hairdressing
Pass,M2J,7717,1800 SHEPPARD AVE E,CLAIRE'S BOUTIQUE STORE #2607,,-79.34449821529999,,PO BOX 168,,,Pass,,43.7777482543,2018-01-18T00:00:00,Ear Piercing
Pass,M1S,5867,4002 SHEPPARD AVE E,DYNAMIC HAIR SALON,,-79.2879088288,,UNIT-102A,,,Pass,,43.7836992787,2017-04-21T00:00:00,Barbering & Hairdressing
Pass,M2H,9149,1955 STEELES AVE E,HAIR SALON,,-79.37317021369998,,FLR-3,,,Pass,,43.808079161,2017-09-27T00:00:00,Nails
Pass,M1N,3497,1230 KINGSTON RD,CROWN OF JEWELS SALON & SPA,,-79.27869020770001,,,,,Pass,,43.6827306083,2018-03-01T00:00:00,Barbering & Hairdressing
Pass,M9B,9954,5230 DUNDAS ST W,ELEGANT SPA,,-79.5381323935,,UNIT-6B,,,Pass,,43.640269868900006,2017-05-12T00:00:00,Aesthetics
Pass,M9C,11226,170 NORTH QUEEN ST,THE BLO BOUTIQUE,,-79.5584241592,,UNIT-K-10,,,Pass,,43.619171988599994,2018-01-16T00:00:00,Barbering & Hairdressing
Pass,M1V,10484,5995 STEELES AVE E,REGAL NAILS SALON & SPA,,-79.25441171760001,,,,,Pass,,43.833413585600006,2017-07-05T00:00:00,Aesthetics
Pass,M4E,12880,878 KINGSTON RD,SAVVI SALON,,-79.2905275836,,,,,Pass,,43.68039859970001,2018-09-20T00:00:00,Barbering & Hairdressing
Pass,M2J,2885,1800 SHEPPARD AVE E,TONYC SALON & SPA,,-79.34449821529999,,UNIT-243,,,Pass,,43.7777482543,2018-03-29T00:00:00,Aesthetics
Pass,M9B,6324,3830A BLOOR ST W,RAW BEAUTY BAR,,-79.5380960015,,,,,Pass,,43.6415885295,2018-12-07T00:00:00,Nails
Pass,M5X,4702,130 KING ST W,PORTICO,,-79.38345,,,,,Pass,,43.648045,2018-10-23T00:00:00,Aesthetics
Pass,M8Y,6183,681 THE QUEENSWAY,LAN DAI NAILS & SPA,,-79.499466,,,,,Pass,,43.627,2018-12-13T00:00:00,Aesthetics
Pass,M6B,7327,503 MARLEE AVE,BEC SALON,,-79.4430220256,,FLR-2,,,Pass,,43.7084228075,2018-09-04T00:00:00,Barbering & Hairdressing
Pass,M1V,16,668 SILVER STAR BLVD,PRO YOU SALON,Notice to Comply,-79.3011125591,,UNIT-215,Semi-critical items cleaned then disinfected with an ILD or HLD between clients,,Conditional,,43.8230976953,2017-04-03T00:00:00,Barbering & Hairdressing
Pass,M6B,4505,145 MARLEE AVE,LUIGI'S HAIRSTYLING,,-79.4410303906,,UNIT-A,,,Pass,,43.7032633519,2019-04-08T00:00:00,Aesthetics
Pass,M2M,924,6103 YONGE ST,NANAZ BEAUTY SALON,Notice to Comply,-79.41804044109999,,FLR-2,Work surfaces cleaned then disinfected with a LLD daily,,Conditional,,43.791318688500006,2018-01-25T00:00:00,Nails
Pass,M5N,12724,468 EGLINTON AVE W,ENRICO BEAUTY SALON,,-79.4123710808,,UNIT-1,,,Pass,,43.7040583661,2018-09-26T00:00:00,Barbering & Hairdressing
Pass,M4S,12410,585 MOUNT PLEASANT RD,VANESSA NAILS AND SPA,,-79.38802203350001,,,,,Pass,,43.703679166099995,2018-05-16T00:00:00,Nails
Pass,M2N,10802,234 SHEPPARD AVE W,SPA 234,,-79.4224527057,,,,,Pass,,43.759176556199996,2017-07-14T00:00:00,Nails
Pass,M1P,503,2159 LAWRENCE AVE E,R AND D BEAUTY HAIR SALON,Notice to Comply,-79.28408320369998,,,Appropriate contact time used on approved disinfectants,,Conditional,,43.7472400975,2017-10-02T00:00:00,Aesthetics
Pass,M4K,4704,373 BROADVIEW AVE,LINA TRAN STUDIO INC,,-79.3525202174,,,,,Pass,,43.6658128983,2019-02-08T00:00:00,Barbering & Hairdressing
Pass,M6J,10682,848 DUNDAS ST W,HELIA BEAUTY SALON,,-79.41032462220001,,,,,Pass,,43.6517297318,2018-10-18T00:00:00,Aesthetics
Pass,M5R,9609,11 BELMONT ST,HAIR FLARE SALON,,-79.3896772933,,,,,Pass,,43.675324283900004,2017-08-10T00:00:00,Barbering & Hairdressing
Pass,M2J,12289,2025 SHEPPARD AVE E,LINDA SPA AND NAILS,,-79.33043881430001,,,,,Pass,,43.775370584399994,2017-06-23T00:00:00,Body Piercing
Pass,M6M,10891,2266 KEELE ST,BEAUTY AND COSMETIC SALON,,-79.47694734630002,,,,,Pass,,43.70234458109999,2017-08-10T00:00:00,Barbering & Hairdressing
Pass,M6K,6352,100 WESTERN BATTERY RD,SPARKS IN LIBERTY,,-79.41579553449999,,UNIT-1,,,Pass,,43.6396262403,2017-11-23T00:00:00,Aesthetics
Pass,M2J,681,1800 SHEPPARD AVE E,SUNSHINE SPA & NAILS,Notice to Comply,-79.34449821529999,,UNIT-1044,Single-use items used on one client only,,Conditional,,43.7777482543,2017-11-21T00:00:00,Nails
Pass,M6M,9034,605 ROGERS RD,PEDI N NAILS,,-79.47451334739999,,UNIT-B002,,,Pass,,43.681618829499996,2018-10-04T00:00:00,Aesthetics
Pass,M2M,7313,6349 YONGE ST,THE ART OF BEAUTY,,-79.4193184686,,UNIT-102,,,Pass,,43.796227225100004,2018-06-28T00:00:00,Nails
Pass,M5M,8740,365 FAIRLAWN AVE,EXCLUSIVE BY BEATRICE,,-79.4173684335,,FLR-2,,,Pass,,43.7278144993,2017-12-11T00:00:00,Nails
Pass,M3K,12984,954 WILSON AVE,ALEXANDRIA'S BEAUTY SALON,,-79.4710114449,,,,,Pass,,43.72996850689999,2017-07-04T00:00:00,Barbering & Hairdressing
Pass,M1X,1552,3351 MARKHAM RD,SOFT TOUCH SPA AND HAIR,Notice to Comply,-79.2503756097,,UNIT-102,Linen laundered or discarded after each client & maintained clean and sanitary,,Conditional,,43.836134330600004,2017-11-10T00:00:00,Aesthetics
Pass,M6P,8718,2909 DUNDAS ST W,COSIMO'S HAIRSTYLIST,,-79.4663820705,,,,,Pass,,43.665316750500004,2019-04-11T00:00:00,Barbering & Hairdressing
Pass,M9W,8228,2261 ISLINGTON AVE,FIRST CHOICE HAIR CUTTERS,,-79.55463452859999,,UNIT-4,,,Pass,,43.7159617792,2018-05-31T00:00:00,Aesthetics
Pass,M6A,10690,3335 BATHURST ST,CUTE CUTICLES NAILS & SPA,,-79.4309593003,,,,,Pass,,43.7257336201,2019-03-11T00:00:00,Nails
Pass,M5A,10056,345 SHERBOURNE ST,THE REKAI CENTRE,,-79.3724264996,,,,,Pass,,43.66270717689999,2018-09-26T00:00:00,Barbering & Hairdressing
Pass,M4M,8533,20 LESLIE ST,TORONTO MEDICAL & COSMETIC TATTOO CLINIC,,-79.3295328975,,UNIT-222,,,Pass,,43.6602268584,2017-05-18T00:00:00,Tattooing
Pass,M3J,12536,1123 LODESTAR RD,THE NAIL GALLERY,,-79.4654530456,,,,,Pass,,43.75969340010001,2019-04-29T00:00:00,Aesthetics
Pass,M1E,2978,4352 KINGSTON RD,CARING SISTERS BEAUTY SPA,,-79.19167415279999,,UNIT-6,,,Pass,,43.76614806470001,2017-12-01T00:00:00,Aesthetics
Pass,M9C,11681,170 NORTH QUEEN ST,CATHERINE'S SKIN CARE,,-79.5584241592,,UNIT-K19,,,Pass,,43.619171988599994,2018-01-17T00:00:00,Nails
Pass,M6S,6201,2255 BLOOR ST W,D2E HAIR BOUTIQUE,,-79.47763327189999,,FLR-2,,,Pass,,43.650662570200005,2018-03-07T00:00:00,Barbering & Hairdressing
Pass,M5C,5464,105 VICTORIA ST,ONE O FIVE HAIR STUDIO,,-79.37786,,UNIT-1,,,Pass,,43.65218,2018-12-14T00:00:00,Nails
Pass,M1L,5470,789 WARDEN AVE,CITY NAILS & SPA,,-79.2861479509,,UNIT-3,,,Pass,,43.7260461246,2018-03-28T00:00:00,Nails
Pass,M4P,715,2300 YONGE ST,RAY DANIEL SALON AND SPA,Notice to Comply,-79.399083527,,UNIT-S27 GROUND ,Non-critical items cleaned then disinfected with a LLD between clients,,Conditional,,43.70715757399999,2017-12-04T00:00:00,Barbering & Hairdressing
Pass,M1T,9785,2918 SHEPPARD AVE E,HAIR TIM,,-79.32233451340001,,,,,Pass,,43.7759444679,2019-02-13T00:00:00,Barbering & Hairdressing
Pass,M4L,10200,1479 GERRARD ST E,APOLLO BEAUTY SALON,,-79.3205072304,,,,,Pass,,43.6724427769,2019-01-03T00:00:00,Ear Piercing
Pass,M4G,11055,1820 BAYVIEW AVE,LOOK HAIR STUDIO,,-79.37769467060001,,2 ND FLOOR,,,Pass,,43.7128368276,2017-12-13T00:00:00,Aesthetics
Pass,M4V,7878,1 BALMORAL AVE,CHI SPA,,-79.3934229309,,STE-5,,,Pass,,43.6855437488,2018-12-14T00:00:00,Aesthetics
Pass,M5R,1926,26 BELLAIR ST,CELLAR SALON,Notice to Comply,-79.39140564729999,,,Non-critical items cleaned then disinfected with a LLD between clients,,Conditional,,43.670792622600004,2018-11-21T00:00:00,Barbering & Hairdressing
Pass,M6M,12759,605 ROGERS RD,ELEGANT SPA & STUDIO,,-79.47451334739999,,UNIT-4,,,Pass,,43.681618829499996,2017-06-16T00:00:00,Aesthetics
Pass,M1P,8596,300 BOROUGH DR,TRADE SECRETS,,-79.25802190479999,,UNIT-99A,,,Pass,,43.7762918562,2018-03-05T00:00:00,Barbering & Hairdressing
Pass,M2K,12099,27 REAN DR,HAND & STONE MASSAGE & FACIAL SPA,,-79.3825491022,,UNIT-3,,,Pass,,43.76758683520001,2018-10-29T00:00:00,Aesthetics
Pass,M1S,4627,4465 SHEPPARD AVE E,DAVID IMAGE DESIGN,,-79.2657974432,,UNIT-6,,,Pass,,43.7877398913,2017-04-07T00:00:00,Barbering & Hairdressing
Pass,M6H,6591,1081 COLLEGE ST,FILA SALON,,-79.4318935107,,,,,Pass,,43.652570788599995,2018-11-23T00:00:00,Nails
Pass,M6A,2802,789 LAWRENCE AVE W,SASSI NAILZ,,-79.453929677,,,,,Pass,,43.7138263966,2017-11-16T00:00:00,Nails
Pass,M1L,3839,101 LEBOVIC AVE,ARONA BEAUTY SPA,,-79.28854179060001,,UNIT-F12,,,Pass,,43.72178554600001,2017-07-10T00:00:00,Nails
Pass,M2M,1612,6176 YONGE ST,J J BEAUTY SALON,Notice to Comply,-79.419173648,,,Non-critical items maintained in a sanitary manner before use,,Conditional,,43.793295856099995,2018-08-27T00:00:00,Barbering & Hairdressing
Pass,M5J,6131,220 BAY ST,MICHELANGELO'S,,-79.3801175728,,UNIT-2,,,Pass,,43.647446781599996,2019-01-11T00:00:00,Barbering & Hairdressing
Pass,M5V,11794,381 FRONT ST W,REMEDE SPA,,-79.3927744442,,FLR-2,,,Pass,,43.642867071400005,2018-07-10T00:00:00,Aesthetics
Pass,M3C,3531,170 THE DONWAY W,THE HAIR GALLERY,,-79.348047129,,STE-120,,,Pass,,43.7353861596,2017-06-14T00:00:00,Barbering & Hairdressing
Pass,M8V,3745,2788 LAKE SHORE BLVD W,LADY EMPIRE,,-79.5000948562,,UNIT-2,,,Pass,,43.602192353999996,2018-07-12T00:00:00,Nails
Pass,M1S,9614,4438 SHEPPARD AVE E,ELEGANT HAIR SALON,,-79.2677466293,,UNIT-226,,,Pass,,43.788036467,2018-09-12T00:00:00,Barbering & Hairdressing
Pass,M1X,9315,3351 MARKHAM RD,SOFT TOUCH SPA AND HAIR,,-79.2503756097,,UNIT-102,,,Pass,,43.836134330600004,2018-05-29T00:00:00,Nails
Pass,M4L,7831,500 KINGSTON RD,TINA'S HAIR CARE,,-79.302737393,,,,,Pass,,43.6779946741,2017-08-01T00:00:00,Barbering & Hairdressing
Pass,M5V,9050,645 KING ST W,BEAUTY LINE NAIL SPA,,-79.40199086199999,,UNIT-100,,,Pass,,43.643820643199994,2018-04-03T00:00:00,Nails
Pass,M4G,12107,1560 BAYVIEW AVE,KIM'S NAILS SALON BAYVIEW SPA,,-79.375340544,,UNIT-201,,,Pass,,43.70523668479999,2018-12-04T00:00:00,Nails
Pass,M8Y,7896,706 THE QUEENSWAY,NICK'S BARBER SALON,,-79.50058,,UNIT-A,,,Pass,,43.626953,2019-04-05T00:00:00,Barbering & Hairdressing
Pass,M2N,3744,143 SHEPPARD AVE W,NATURAL SCENTS MEDICAL SPA,,-79.4181818424,,,,,Pass,,43.7597104576,2018-09-26T00:00:00,Aesthetics
Pass,M8Y,12307,681 THE QUEENSWAY,LAN DAI NAILS & SPA,,-79.499466,,,,,Pass,,43.627,2018-12-13T00:00:00,Micropigmentation
Pass,M5R,7639,112 AVENUE RD,RITA KAPTUR,,-79.39637144550001,,,,,Pass,,43.67346357130001,2018-01-12T00:00:00,Nails
Pass,M4M,3764,344 PAPE AVE,STAR NAILS,,-79.3407171965,,,,,Pass,,43.668446117799995,2018-03-19T00:00:00,Aesthetics
Pass,M6C,8531,1182 EGLINTON AVE W,FORET NAILS & SPA,,-79.4333572068,,,,,Pass,,43.6995608736,2017-12-14T00:00:00,Nails
Pass,M6M,3737,2636 EGLINTON AVE W,KEELESDALE NAILS,,-79.4741954209,,,,,Pass,,43.6906405504,2018-04-26T00:00:00,Barbering & Hairdressing
Pass,M1C,10661,305 PORT UNION RD,NS HAIR & SPA,,-79.1404501837,,UNIT-10,,,Pass,,43.7900975495,2018-03-21T00:00:00,Barbering & Hairdressing
Pass,M1M,7762,3093 KINGSTON RD,SUSIE'S SHEARS,,-79.2298899196,,,,,Pass,,43.7269777251,2017-06-28T00:00:00,Aesthetics
Pass,M5T,12710,138 AUGUSTA AVE,GRACE HAIR SALON,,-79.4014701851,,,,,Pass,,43.6523429103,2017-06-08T00:00:00,Barbering & Hairdressing
Pass,M8Y,2616,727 THE QUEENSWAY,HORTENSIA NAIL & SPA,,-79.502266,,,,,Pass,,43.62629,2018-12-27T00:00:00,Aesthetics
Pass,M6E,6330,1283 ST CLAIR AVE W,DOMY'S HAIR SALON,,-79.44757472479999,,,,,Pass,,43.676712606,2019-02-08T00:00:00,Barbering & Hairdressing
Pass,M1L,5128,828 WARDEN AVE,FIRST CHOICE HAIRCUTTERS,,-79.2899345382,,,,,Pass,,43.7253260078,2018-04-17T00:00:00,Aesthetics
Pass,M1B,12424,91 RYLANDER BLVD,GJ SKIN CARE,,-79.1526006703,,UNIT-19,,,Pass,,43.7977563442,2018-03-15T00:00:00,Nails
Pass,M9C,9760,148 NORTH QUEEN ST,NICE ONE NAILS,,-79.553843,,UNIT-G2,,,Pass,,43.6195011,2017-09-19T00:00:00,Nails
Pass,M5J,6656,33 UNIVERSITY AVE,LA JOLIE FEMME SALON & SPA,,-79.3837,,UNIT-4,,,Pass,,43.646267,2017-10-23T00:00:00,Aesthetics
Pass,M6E,6495,1976 EGLINTON AVE W,SANDRA HAIR SALON,,-79.4544326561,,,,,Pass,,43.69499995020001,2018-08-01T00:00:00,Nails
